cw0_bler,cw0_cb_bler,cw0_cb_errors,cw0_cb_trials,cw0_n_cbs,cw0_successful_payload_bits,cw0_tb_size,cw0_throughput_bits_per_slot,cw1_bler,cw1_cb_bler,cw1_cb_errors,cw1_cb_trials,cw1_n_cbs,cw1_successful_payload_bits,cw1_tb_size,cw1_throughput_bits_per_slot,goodput_bits_per_slot,goodput_se_layer_re,goodput_se_tf,meta_bandwidth_mhz,meta_baseline_1,meta_baseline_2,meta_cb_e_values,meta_cdl_report,meta_channel,meta_detector_baseline,meta_list_size,meta_mapping,meta_n_prbs,meta_n_re_sampled,meta_payload_k_per_cb,meta_phase,meta_precoder,meta_rank,meta_receiver_csi,meta_sc_mimo_receiver,meta_scs_khz,meta_speed_kmh,meta_tb_size,scheme,scheme_bler,scheme_cb_bler,snr_db,total_throughput_bits_per_slot,trials
0.0,0.0,0,4,4,96.0,96,96.0,,,,,,,,,96.0,0.5,2.0,20.0,"nr_1cw_scheme1_rank4_layers_[0,1,2,3]","baseline_2cw_scheme4_rank4_layers_[0,1]_[2,3]","[96, 96, 96, 96]","{'sionna_port_order': {'spatial_order': 'column_first_col_then_row', 'polarization_order': 'pol1_all_spatial_then_pol2_all_spatial', 'simple_formula': 'port = pol*num_rows*num_cols + col*num_rows + row', 'pol1_cross': '-45deg', 'pol2_cross': '+45deg', 'pol1_vh': 'V', 'pol2_vh': 'H'}, 'bs_array': [4, 4, 2], 'ue_array': [1, 2, 2], 'bs_port_table': [{'port': 0, 'row': 0, 'col': 0, 'pol': 0}, {'port': 1, 'row': 1, 'col': 0, 'pol': 0}, {'port': 2, 'row': 2, 'col': 0, 'pol': 0}, {'port': 3, 'row': 3, 'col': 0, 'pol': 0}, {'port': 4, 'row': 0, 'col': 1, 'pol': 0}, {'port': 5, 'row': 1, 'col': 1, 'pol': 0}, {'port': 6, 'row': 2, 'col': 1, 'pol': 0}, {'port': 7, 'row': 3, 'col': 1, 'pol': 0}, {'port': 8, 'row': 0, 'col': 2, 'pol': 0}, {'port': 9, 'row': 1, 'col': 2, 'pol': 0}, {'port': 10, 'row': 2, 'col': 2, 'pol': 0}, {'port': 11, 'row': 3, 'col': 2, 'pol': 0}, {'port': 12, 'row': 0, 'col': 3, 'pol': 0}, {'port': 13, 'row': 1, 'col': 3, 'pol': 0}, {'port': 14, 'row': 2, 'col': 3, 'pol': 0}, {'port': 15, 'row': 3, 'col': 3, 'pol': 0}, {'port': 16, 'row': 0, 'col': 0, 'pol': 1}, {'port': 17, 'row': 1, 'col': 0, 'pol': 1}, {'port': 18, 'row': 2, 'col': 0, 'pol': 1}, {'port': 19, 'row': 3, 'col': 0, 'pol': 1}, {'port': 20, 'row': 0, 'col': 1, 'pol': 1}, {'port': 21, 'row': 1, 'col': 1, 'pol': 1}, {'port': 22, 'row': 2, 'col': 1, 'pol': 1}, {'port': 23, 'row': 3, 'col': 1, 'pol': 1}, {'port': 24, 'row': 0, 'col': 2, 'pol': 1}, {'port': 25, 'row': 1, 'col': 2, 'pol': 1}, {'port': 26, 'row': 2, 'col': 2, 'pol': 1}, {'port': 27, 'row': 3, 'col': 2, 'pol': 1}, {'port': 28, 'row': 0, 'col': 3, 'pol': 1}, {'port': 29, 'row': 1, 'col': 3, 'pol': 1}, {'port': 30, 'row': 2, 'col': 3, 'pol': 1}, {'port': 31, 'row': 3, 'col': 3, 'pol': 1}], 'ue_port_table': [{'port': 0, 'row': 0, 'col': 0, 'pol': 0}, {'port': 1, 'row': 0, 'col': 1, 'pol': 0}, {'port': 2, 'row': 0, 'col': 0, 'pol': 1}, {'port': 3, 'row': 0, 'col': 1, 'pol': 1}], 'cdl_type': 'A', 'direction': 'downlink', 'delay_spread_ns': 30.0, 'ue_speed_kmh': 3.0, 'h_tf_shape': [1, 13, 1272, 4, 32], 'sionna_h_f_shape': [1, 1, 4, 1, 32, 13, 1272], 'phase2_channel': 'CDL-A 30ns sampled REs, ideal per-RE SVD H_eff=H V_svd/sqrt(rank)', 'bandwidth_mhz': 20.0, 'scs_khz': 15, 'n_prbs': 106, 'n_re_full_grid': 16536, 'n_re_sampled': 48, 'rank': 4, 'precoder': 'ideal_per_re_svd', 'receiver_csi': 'ideal_H_eff'}",CDL-A 30ns,kbest,256,nr_1cw,106,48,24,2_ideal_csi,ideal_per_re_svd,4,ideal,hybrid_rml_mmse_after_sic,15,3.0,96,nr_1cw,0.0,0.0,0.0,96.0,1
0.0,0.0,0,4,4,96.0,96,96.0,,,,,,,,,96.0,0.5,2.0,20.0,"nr_1cw_scheme1_rank4_layers_[0,1,2,3]","baseline_2cw_scheme4_rank4_layers_[0,1]_[2,3]","[96, 96, 96, 96]","{'sionna_port_order': {'spatial_order': 'column_first_col_then_row', 'polarization_order': 'pol1_all_spatial_then_pol2_all_spatial', 'simple_formula': 'port = pol*num_rows*num_cols + col*num_rows + row', 'pol1_cross': '-45deg', 'pol2_cross': '+45deg', 'pol1_vh': 'V', 'pol2_vh': 'H'}, 'bs_array': [4, 4, 2], 'ue_array': [1, 2, 2], 'bs_port_table': [{'port': 0, 'row': 0, 'col': 0, 'pol': 0}, {'port': 1, 'row': 1, 'col': 0, 'pol': 0}, {'port': 2, 'row': 2, 'col': 0, 'pol': 0}, {'port': 3, 'row': 3, 'col': 0, 'pol': 0}, {'port': 4, 'row': 0, 'col': 1, 'pol': 0}, {'port': 5, 'row': 1, 'col': 1, 'pol': 0}, {'port': 6, 'row': 2, 'col': 1, 'pol': 0}, {'port': 7, 'row': 3, 'col': 1, 'pol': 0}, {'port': 8, 'row': 0, 'col': 2, 'pol': 0}, {'port': 9, 'row': 1, 'col': 2, 'pol': 0}, {'port': 10, 'row': 2, 'col': 2, 'pol': 0}, {'port': 11, 'row': 3, 'col': 2, 'pol': 0}, {'port': 12, 'row': 0, 'col': 3, 'pol': 0}, {'port': 13, 'row': 1, 'col': 3, 'pol': 0}, {'port': 14, 'row': 2, 'col': 3, 'pol': 0}, {'port': 15, 'row': 3, 'col': 3, 'pol': 0}, {'port': 16, 'row': 0, 'col': 0, 'pol': 1}, {'port': 17, 'row': 1, 'col': 0, 'pol': 1}, {'port': 18, 'row': 2, 'col': 0, 'pol': 1}, {'port': 19, 'row': 3, 'col': 0, 'pol': 1}, {'port': 20, 'row': 0, 'col': 1, 'pol': 1}, {'port': 21, 'row': 1, 'col': 1, 'pol': 1}, {'port': 22, 'row': 2, 'col': 1, 'pol': 1}, {'port': 23, 'row': 3, 'col': 1, 'pol': 1}, {'port': 24, 'row': 0, 'col': 2, 'pol': 1}, {'port': 25, 'row': 1, 'col': 2, 'pol': 1}, {'port': 26, 'row': 2, 'col': 2, 'pol': 1}, {'port': 27, 'row': 3, 'col': 2, 'pol': 1}, {'port': 28, 'row': 0, 'col': 3, 'pol': 1}, {'port': 29, 'row': 1, 'col': 3, 'pol': 1}, {'port': 30, 'row': 2, 'col': 3, 'pol': 1}, {'port': 31, 'row': 3, 'col': 3, 'pol': 1}], 'ue_port_table': [{'port': 0, 'row': 0, 'col': 0, 'pol': 0}, {'port': 1, 'row': 0, 'col': 1, 'pol': 0}, {'port': 2, 'row': 0, 'col': 0, 'pol': 1}, {'port': 3, 'row': 0, 'col': 1, 'pol': 1}], 'cdl_type': 'A', 'direction': 'downlink', 'delay_spread_ns': 30.0, 'ue_speed_kmh': 3.0, 'h_tf_shape': [1, 13, 1272, 4, 32], 'sionna_h_f_shape': [1, 1, 4, 1, 32, 13, 1272], 'phase2_channel': 'CDL-A 30ns sampled REs, ideal per-RE SVD H_eff=H V_svd/sqrt(rank)', 'bandwidth_mhz': 20.0, 'scs_khz': 15, 'n_prbs': 106, 'n_re_full_grid': 16536, 'n_re_sampled': 48, 'rank': 4, 'precoder': 'ideal_per_re_svd', 'receiver_csi': 'ideal_H_eff'}",CDL-A 30ns,kbest,256,sc_mimo_sic,106,48,24,2_ideal_csi,ideal_per_re_svd,4,ideal,hybrid_rml_mmse_after_sic,15,3.0,96,sc_mimo_sic,0.0,0.0,0.0,96.0,1
0.0,0.0,0,2,2,48.0,48,48.0,0.0,0.0,0,2,2,48.0,48,48.0,96.0,0.5,2.0,20.0,"nr_1cw_scheme1_rank4_layers_[0,1,2,3]","baseline_2cw_scheme4_rank4_layers_[0,1]_[2,3]","[96, 96, 96, 96]","{'sionna_port_order': {'spatial_order': 'column_first_col_then_row', 'polarization_order': 'pol1_all_spatial_then_pol2_all_spatial', 'simple_formula': 'port = pol*num_rows*num_cols + col*num_rows + row', 'pol1_cross': '-45deg', 'pol2_cross': '+45deg', 'pol1_vh': 'V', 'pol2_vh': 'H'}, 'bs_array': [4, 4, 2], 'ue_array': [1, 2, 2], 'bs_port_table': [{'port': 0, 'row': 0, 'col': 0, 'pol': 0}, {'port': 1, 'row': 1, 'col': 0, 'pol': 0}, {'port': 2, 'row': 2, 'col': 0, 'pol': 0}, {'port': 3, 'row': 3, 'col': 0, 'pol': 0}, {'port': 4, 'row': 0, 'col': 1, 'pol': 0}, {'port': 5, 'row': 1, 'col': 1, 'pol': 0}, {'port': 6, 'row': 2, 'col': 1, 'pol': 0}, {'port': 7, 'row': 3, 'col': 1, 'pol': 0}, {'port': 8, 'row': 0, 'col': 2, 'pol': 0}, {'port': 9, 'row': 1, 'col': 2, 'pol': 0}, {'port': 10, 'row': 2, 'col': 2, 'pol': 0}, {'port': 11, 'row': 3, 'col': 2, 'pol': 0}, {'port': 12, 'row': 0, 'col': 3, 'pol': 0}, {'port': 13, 'row': 1, 'col': 3, 'pol': 0}, {'port': 14, 'row': 2, 'col': 3, 'pol': 0}, {'port': 15, 'row': 3, 'col': 3, 'pol': 0}, {'port': 16, 'row': 0, 'col': 0, 'pol': 1}, {'port': 17, 'row': 1, 'col': 0, 'pol': 1}, {'port': 18, 'row': 2, 'col': 0, 'pol': 1}, {'port': 19, 'row': 3, 'col': 0, 'pol': 1}, {'port': 20, 'row': 0, 'col': 1, 'pol': 1}, {'port': 21, 'row': 1, 'col': 1, 'pol': 1}, {'port': 22, 'row': 2, 'col': 1, 'pol': 1}, {'port': 23, 'row': 3, 'col': 1, 'pol': 1}, {'port': 24, 'row': 0, 'col': 2, 'pol': 1}, {'port': 25, 'row': 1, 'col': 2, 'pol': 1}, {'port': 26, 'row': 2, 'col': 2, 'pol': 1}, {'port': 27, 'row': 3, 'col': 2, 'pol': 1}, {'port': 28, 'row': 0, 'col': 3, 'pol': 1}, {'port': 29, 'row': 1, 'col': 3, 'pol': 1}, {'port': 30, 'row': 2, 'col': 3, 'pol': 1}, {'port': 31, 'row': 3, 'col': 3, 'pol': 1}], 'ue_port_table': [{'port': 0, 'row': 0, 'col': 0, 'pol': 0}, {'port': 1, 'row': 0, 'col': 1, 'pol': 0}, {'port': 2, 'row': 0, 'col': 0, 'pol': 1}, {'port': 3, 'row': 0, 'col': 1, 'pol': 1}], 'cdl_type': 'A', 'direction': 'downlink', 'delay_spread_ns': 30.0, 'ue_speed_kmh': 3.0, 'h_tf_shape': [1, 13, 1272, 4, 32], 'sionna_h_f_shape': [1, 1, 4, 1, 32, 13, 1272], 'phase2_channel': 'CDL-A 30ns sampled REs, ideal per-RE SVD H_eff=H V_svd/sqrt(rank)', 'bandwidth_mhz': 20.0, 'scs_khz': 15, 'n_prbs': 106, 'n_re_full_grid': 16536, 'n_re_sampled': 48, 'rank': 4, 'precoder': 'ideal_per_re_svd', 'receiver_csi': 'ideal_H_eff'}",CDL-A 30ns,kbest,256,baseline_2cw_scheme4,106,48,24,2_ideal_csi,ideal_per_re_svd,4,ideal,hybrid_rml_mmse_after_sic,15,3.0,96,baseline_2cw,0.0,0.0,0.0,96.0,1
0.0,0.0,0,4,4,96.0,96,96.0,,,,,,,,,96.0,0.5,2.0,20.0,"nr_1cw_scheme1_rank4_layers_[0,1,2,3]","baseline_2cw_scheme4_rank4_layers_[0,1]_[2,3]","[96, 96, 96, 96]","{'sionna_port_order': {'spatial_order': 'column_first_col_then_row', 'polarization_order': 'pol1_all_spatial_then_pol2_all_spatial', 'simple_formula': 'port = pol*num_rows*num_cols + col*num_rows + row', 'pol1_cross': '-45deg', 'pol2_cross': '+45deg', 'pol1_vh': 'V', 'pol2_vh': 'H'}, 'bs_array': [4, 4, 2], 'ue_array': [1, 2, 2], 'bs_port_table': [{'port': 0, 'row': 0, 'col': 0, 'pol': 0}, {'port': 1, 'row': 1, 'col': 0, 'pol': 0}, {'port': 2, 'row': 2, 'col': 0, 'pol': 0}, {'port': 3, 'row': 3, 'col': 0, 'pol': 0}, {'port': 4, 'row': 0, 'col': 1, 'pol': 0}, {'port': 5, 'row': 1, 'col': 1, 'pol': 0}, {'port': 6, 'row': 2, 'col': 1, 'pol': 0}, {'port': 7, 'row': 3, 'col': 1, 'pol': 0}, {'port': 8, 'row': 0, 'col': 2, 'pol': 0}, {'port': 9, 'row': 1, 'col': 2, 'pol': 0}, {'port': 10, 'row': 2, 'col': 2, 'pol': 0}, {'port': 11, 'row': 3, 'col': 2, 'pol': 0}, {'port': 12, 'row': 0, 'col': 3, 'pol': 0}, {'port': 13, 'row': 1, 'col': 3, 'pol': 0}, {'port': 14, 'row': 2, 'col': 3, 'pol': 0}, {'port': 15, 'row': 3, 'col': 3, 'pol': 0}, {'port': 16, 'row': 0, 'col': 0, 'pol': 1}, {'port': 17, 'row': 1, 'col': 0, 'pol': 1}, {'port': 18, 'row': 2, 'col': 0, 'pol': 1}, {'port': 19, 'row': 3, 'col': 0, 'pol': 1}, {'port': 20, 'row': 0, 'col': 1, 'pol': 1}, {'port': 21, 'row': 1, 'col': 1, 'pol': 1}, {'port': 22, 'row': 2, 'col': 1, 'pol': 1}, {'port': 23, 'row': 3, 'col': 1, 'pol': 1}, {'port': 24, 'row': 0, 'col': 2, 'pol': 1}, {'port': 25, 'row': 1, 'col': 2, 'pol': 1}, {'port': 26, 'row': 2, 'col': 2, 'pol': 1}, {'port': 27, 'row': 3, 'col': 2, 'pol': 1}, {'port': 28, 'row': 0, 'col': 3, 'pol': 1}, {'port': 29, 'row': 1, 'col': 3, 'pol': 1}, {'port': 30, 'row': 2, 'col': 3, 'pol': 1}, {'port': 31, 'row': 3, 'col': 3, 'pol': 1}], 'ue_port_table': [{'port': 0, 'row': 0, 'col': 0, 'pol': 0}, {'port': 1, 'row': 0, 'col': 1, 'pol': 0}, {'port': 2, 'row': 0, 'col': 0, 'pol': 1}, {'port': 3, 'row': 0, 'col': 1, 'pol': 1}], 'cdl_type': 'A', 'direction': 'downlink', 'delay_spread_ns': 30.0, 'ue_speed_kmh': 3.0, 'h_tf_shape': [1, 13, 1272, 4, 32], 'sionna_h_f_shape': [1, 1, 4, 1, 32, 13, 1272], 'phase2_channel': 'CDL-A 30ns sampled REs, ideal per-RE SVD H_eff=H V_svd/sqrt(rank)', 'bandwidth_mhz': 20.0, 'scs_khz': 15, 'n_prbs': 106, 'n_re_full_grid': 16536, 'n_re_sampled': 48, 'rank': 4, 'precoder': 'ideal_per_re_svd', 'receiver_csi': 'ideal_H_eff'}",CDL-A 30ns,kbest,256,nr_1cw,106,48,24,2_ideal_csi,ideal_per_re_svd,4,ideal,hybrid_rml_mmse_after_sic,15,3.0,96,nr_1cw,0.0,0.0,10.0,96.0,1
0.0,0.0,0,4,4,96.0,96,96.0,,,,,,,,,96.0,0.5,2.0,20.0,"nr_1cw_scheme1_rank4_layers_[0,1,2,3]","baseline_2cw_scheme4_rank4_layers_[0,1]_[2,3]","[96, 96, 96, 96]","{'sionna_port_order': {'spatial_order': 'column_first_col_then_row', 'polarization_order': 'pol1_all_spatial_then_pol2_all_spatial', 'simple_formula': 'port = pol*num_rows*num_cols + col*num_rows + row', 'pol1_cross': '-45deg', 'pol2_cross': '+45deg', 'pol1_vh': 'V', 'pol2_vh': 'H'}, 'bs_array': [4, 4, 2], 'ue_array': [1, 2, 2], 'bs_port_table': [{'port': 0, 'row': 0, 'col': 0, 'pol': 0}, {'port': 1, 'row': 1, 'col': 0, 'pol': 0}, {'port': 2, 'row': 2, 'col': 0, 'pol': 0}, {'port': 3, 'row': 3, 'col': 0, 'pol': 0}, {'port': 4, 'row': 0, 'col': 1, 'pol': 0}, {'port': 5, 'row': 1, 'col': 1, 'pol': 0}, {'port': 6, 'row': 2, 'col': 1, 'pol': 0}, {'port': 7, 'row': 3, 'col': 1, 'pol': 0}, {'port': 8, 'row': 0, 'col': 2, 'pol': 0}, {'port': 9, 'row': 1, 'col': 2, 'pol': 0}, {'port': 10, 'row': 2, 'col': 2, 'pol': 0}, {'port': 11, 'row': 3, 'col': 2, 'pol': 0}, {'port': 12, 'row': 0, 'col': 3, 'pol': 0}, {'port': 13, 'row': 1, 'col': 3, 'pol': 0}, {'port': 14, 'row': 2, 'col': 3, 'pol': 0}, {'port': 15, 'row': 3, 'col': 3, 'pol': 0}, {'port': 16, 'row': 0, 'col': 0, 'pol': 1}, {'port': 17, 'row': 1, 'col': 0, 'pol': 1}, {'port': 18, 'row': 2, 'col': 0, 'pol': 1}, {'port': 19, 'row': 3, 'col': 0, 'pol': 1}, {'port': 20, 'row': 0, 'col': 1, 'pol': 1}, {'port': 21, 'row': 1, 'col': 1, 'pol': 1}, {'port': 22, 'row': 2, 'col': 1, 'pol': 1}, {'port': 23, 'row': 3, 'col': 1, 'pol': 1}, {'port': 24, 'row': 0, 'col': 2, 'pol': 1}, {'port': 25, 'row': 1, 'col': 2, 'pol': 1}, {'port': 26, 'row': 2, 'col': 2, 'pol': 1}, {'port': 27, 'row': 3, 'col': 2, 'pol': 1}, {'port': 28, 'row': 0, 'col': 3, 'pol': 1}, {'port': 29, 'row': 1, 'col': 3, 'pol': 1}, {'port': 30, 'row': 2, 'col': 3, 'pol': 1}, {'port': 31, 'row': 3, 'col': 3, 'pol': 1}], 'ue_port_table': [{'port': 0, 'row': 0, 'col': 0, 'pol': 0}, {'port': 1, 'row': 0, 'col': 1, 'pol': 0}, {'port': 2, 'row': 0, 'col': 0, 'pol': 1}, {'port': 3, 'row': 0, 'col': 1, 'pol': 1}], 'cdl_type': 'A', 'direction': 'downlink', 'delay_spread_ns': 30.0, 'ue_speed_kmh': 3.0, 'h_tf_shape': [1, 13, 1272, 4, 32], 'sionna_h_f_shape': [1, 1, 4, 1, 32, 13, 1272], 'phase2_channel': 'CDL-A 30ns sampled REs, ideal per-RE SVD H_eff=H V_svd/sqrt(rank)', 'bandwidth_mhz': 20.0, 'scs_khz': 15, 'n_prbs': 106, 'n_re_full_grid': 16536, 'n_re_sampled': 48, 'rank': 4, 'precoder': 'ideal_per_re_svd', 'receiver_csi': 'ideal_H_eff'}",CDL-A 30ns,kbest,256,sc_mimo_sic,106,48,24,2_ideal_csi,ideal_per_re_svd,4,ideal,hybrid_rml_mmse_after_sic,15,3.0,96,sc_mimo_sic,0.0,0.0,10.0,96.0,1
0.0,0.0,0,2,2,48.0,48,48.0,0.0,0.0,0,2,2,48.0,48,48.0,96.0,0.5,2.0,20.0,"nr_1cw_scheme1_rank4_layers_[0,1,2,3]","baseline_2cw_scheme4_rank4_layers_[0,1]_[2,3]","[96, 96, 96, 96]","{'sionna_port_order': {'spatial_order': 'column_first_col_then_row', 'polarization_order': 'pol1_all_spatial_then_pol2_all_spatial', 'simple_formula': 'port = pol*num_rows*num_cols + col*num_rows + row', 'pol1_cross': '-45deg', 'pol2_cross': '+45deg', 'pol1_vh': 'V', 'pol2_vh': 'H'}, 'bs_array': [4, 4, 2], 'ue_array': [1, 2, 2], 'bs_port_table': [{'port': 0, 'row': 0, 'col': 0, 'pol': 0}, {'port': 1, 'row': 1, 'col': 0, 'pol': 0}, {'port': 2, 'row': 2, 'col': 0, 'pol': 0}, {'port': 3, 'row': 3, 'col': 0, 'pol': 0}, {'port': 4, 'row': 0, 'col': 1, 'pol': 0}, {'port': 5, 'row': 1, 'col': 1, 'pol': 0}, {'port': 6, 'row': 2, 'col': 1, 'pol': 0}, {'port': 7, 'row': 3, 'col': 1, 'pol': 0}, {'port': 8, 'row': 0, 'col': 2, 'pol': 0}, {'port': 9, 'row': 1, 'col': 2, 'pol': 0}, {'port': 10, 'row': 2, 'col': 2, 'pol': 0}, {'port': 11, 'row': 3, 'col': 2, 'pol': 0}, {'port': 12, 'row': 0, 'col': 3, 'pol': 0}, {'port': 13, 'row': 1, 'col': 3, 'pol': 0}, {'port': 14, 'row': 2, 'col': 3, 'pol': 0}, {'port': 15, 'row': 3, 'col': 3, 'pol': 0}, {'port': 16, 'row': 0, 'col': 0, 'pol': 1}, {'port': 17, 'row': 1, 'col': 0, 'pol': 1}, {'port': 18, 'row': 2, 'col': 0, 'pol': 1}, {'port': 19, 'row': 3, 'col': 0, 'pol': 1}, {'port': 20, 'row': 0, 'col': 1, 'pol': 1}, {'port': 21, 'row': 1, 'col': 1, 'pol': 1}, {'port': 22, 'row': 2, 'col': 1, 'pol': 1}, {'port': 23, 'row': 3, 'col': 1, 'pol': 1}, {'port': 24, 'row': 0, 'col': 2, 'pol': 1}, {'port': 25, 'row': 1, 'col': 2, 'pol': 1}, {'port': 26, 'row': 2, 'col': 2, 'pol': 1}, {'port': 27, 'row': 3, 'col': 2, 'pol': 1}, {'port': 28, 'row': 0, 'col': 3, 'pol': 1}, {'port': 29, 'row': 1, 'col': 3, 'pol': 1}, {'port': 30, 'row': 2, 'col': 3, 'pol': 1}, {'port': 31, 'row': 3, 'col': 3, 'pol': 1}], 'ue_port_table': [{'port': 0, 'row': 0, 'col': 0, 'pol': 0}, {'port': 1, 'row': 0, 'col': 1, 'pol': 0}, {'port': 2, 'row': 0, 'col': 0, 'pol': 1}, {'port': 3, 'row': 0, 'col': 1, 'pol': 1}], 'cdl_type': 'A', 'direction': 'downlink', 'delay_spread_ns': 30.0, 'ue_speed_kmh': 3.0, 'h_tf_shape': [1, 13, 1272, 4, 32], 'sionna_h_f_shape': [1, 1, 4, 1, 32, 13, 1272], 'phase2_channel': 'CDL-A 30ns sampled REs, ideal per-RE SVD H_eff=H V_svd/sqrt(rank)', 'bandwidth_mhz': 20.0, 'scs_khz': 15, 'n_prbs': 106, 'n_re_full_grid': 16536, 'n_re_sampled': 48, 'rank': 4, 'precoder': 'ideal_per_re_svd', 'receiver_csi': 'ideal_H_eff'}",CDL-A 30ns,kbest,256,baseline_2cw_scheme4,106,48,24,2_ideal_csi,ideal_per_re_svd,4,ideal,hybrid_rml_mmse_after_sic,15,3.0,96,baseline_2cw,0.0,0.0,10.0,96.0,1
0.0,0.0,0,4,4,96.0,96,96.0,,,,,,,,,96.0,0.5,2.0,20.0,"nr_1cw_scheme1_rank4_layers_[0,1,2,3]","baseline_2cw_scheme4_rank4_layers_[0,1]_[2,3]","[96, 96, 96, 96]","{'sionna_port_order': {'spatial_order': 'column_first_col_then_row', 'polarization_order': 'pol1_all_spatial_then_pol2_all_spatial', 'simple_formula': 'port = pol*num_rows*num_cols + col*num_rows + row', 'pol1_cross': '-45deg', 'pol2_cross': '+45deg', 'pol1_vh': 'V', 'pol2_vh': 'H'}, 'bs_array': [4, 4, 2], 'ue_array': [1, 2, 2], 'bs_port_table': [{'port': 0, 'row': 0, 'col': 0, 'pol': 0}, {'port': 1, 'row': 1, 'col': 0, 'pol': 0}, {'port': 2, 'row': 2, 'col': 0, 'pol': 0}, {'port': 3, 'row': 3, 'col': 0, 'pol': 0}, {'port': 4, 'row': 0, 'col': 1, 'pol': 0}, {'port': 5, 'row': 1, 'col': 1, 'pol': 0}, {'port': 6, 'row': 2, 'col': 1, 'pol': 0}, {'port': 7, 'row': 3, 'col': 1, 'pol': 0}, {'port': 8, 'row': 0, 'col': 2, 'pol': 0}, {'port': 9, 'row': 1, 'col': 2, 'pol': 0}, {'port': 10, 'row': 2, 'col': 2, 'pol': 0}, {'port': 11, 'row': 3, 'col': 2, 'pol': 0}, {'port': 12, 'row': 0, 'col': 3, 'pol': 0}, {'port': 13, 'row': 1, 'col': 3, 'pol': 0}, {'port': 14, 'row': 2, 'col': 3, 'pol': 0}, {'port': 15, 'row': 3, 'col': 3, 'pol': 0}, {'port': 16, 'row': 0, 'col': 0, 'pol': 1}, {'port': 17, 'row': 1, 'col': 0, 'pol': 1}, {'port': 18, 'row': 2, 'col': 0, 'pol': 1}, {'port': 19, 'row': 3, 'col': 0, 'pol': 1}, {'port': 20, 'row': 0, 'col': 1, 'pol': 1}, {'port': 21, 'row': 1, 'col': 1, 'pol': 1}, {'port': 22, 'row': 2, 'col': 1, 'pol': 1}, {'port': 23, 'row': 3, 'col': 1, 'pol': 1}, {'port': 24, 'row': 0, 'col': 2, 'pol': 1}, {'port': 25, 'row': 1, 'col': 2, 'pol': 1}, {'port': 26, 'row': 2, 'col': 2, 'pol': 1}, {'port': 27, 'row': 3, 'col': 2, 'pol': 1}, {'port': 28, 'row': 0, 'col': 3, 'pol': 1}, {'port': 29, 'row': 1, 'col': 3, 'pol': 1}, {'port': 30, 'row': 2, 'col': 3, 'pol': 1}, {'port': 31, 'row': 3, 'col': 3, 'pol': 1}], 'ue_port_table': [{'port': 0, 'row': 0, 'col': 0, 'pol': 0}, {'port': 1, 'row': 0, 'col': 1, 'pol': 0}, {'port': 2, 'row': 0, 'col': 0, 'pol': 1}, {'port': 3, 'row': 0, 'col': 1, 'pol': 1}], 'cdl_type': 'A', 'direction': 'downlink', 'delay_spread_ns': 30.0, 'ue_speed_kmh': 3.0, 'h_tf_shape': [1, 13, 1272, 4, 32], 'sionna_h_f_shape': [1, 1, 4, 1, 32, 13, 1272], 'phase2_channel': 'CDL-A 30ns sampled REs, ideal per-RE SVD H_eff=H V_svd/sqrt(rank)', 'bandwidth_mhz': 20.0, 'scs_khz': 15, 'n_prbs': 106, 'n_re_full_grid': 16536, 'n_re_sampled': 48, 'rank': 4, 'precoder': 'ideal_per_re_svd', 'receiver_csi': 'ideal_H_eff'}",CDL-A 30ns,kbest,256,nr_1cw,106,48,24,2_ideal_csi,ideal_per_re_svd,4,ideal,hybrid_rml_mmse_after_sic,15,3.0,96,nr_1cw,0.0,0.0,20.0,96.0,1
0.0,0.0,0,4,4,96.0,96,96.0,,,,,,,,,96.0,0.5,2.0,20.0,"nr_1cw_scheme1_rank4_layers_[0,1,2,3]","baseline_2cw_scheme4_rank4_layers_[0,1]_[2,3]","[96, 96, 96, 96]","{'sionna_port_order': {'spatial_order': 'column_first_col_then_row', 'polarization_order': 'pol1_all_spatial_then_pol2_all_spatial', 'simple_formula': 'port = pol*num_rows*num_cols + col*num_rows + row', 'pol1_cross': '-45deg', 'pol2_cross': '+45deg', 'pol1_vh': 'V', 'pol2_vh': 'H'}, 'bs_array': [4, 4, 2], 'ue_array': [1, 2, 2], 'bs_port_table': [{'port': 0, 'row': 0, 'col': 0, 'pol': 0}, {'port': 1, 'row': 1, 'col': 0, 'pol': 0}, {'port': 2, 'row': 2, 'col': 0, 'pol': 0}, {'port': 3, 'row': 3, 'col': 0, 'pol': 0}, {'port': 4, 'row': 0, 'col': 1, 'pol': 0}, {'port': 5, 'row': 1, 'col': 1, 'pol': 0}, {'port': 6, 'row': 2, 'col': 1, 'pol': 0}, {'port': 7, 'row': 3, 'col': 1, 'pol': 0}, {'port': 8, 'row': 0, 'col': 2, 'pol': 0}, {'port': 9, 'row': 1, 'col': 2, 'pol': 0}, {'port': 10, 'row': 2, 'col': 2, 'pol': 0}, {'port': 11, 'row': 3, 'col': 2, 'pol': 0}, {'port': 12, 'row': 0, 'col': 3, 'pol': 0}, {'port': 13, 'row': 1, 'col': 3, 'pol': 0}, {'port': 14, 'row': 2, 'col': 3, 'pol': 0}, {'port': 15, 'row': 3, 'col': 3, 'pol': 0}, {'port': 16, 'row': 0, 'col': 0, 'pol': 1}, {'port': 17, 'row': 1, 'col': 0, 'pol': 1}, {'port': 18, 'row': 2, 'col': 0, 'pol': 1}, {'port': 19, 'row': 3, 'col': 0, 'pol': 1}, {'port': 20, 'row': 0, 'col': 1, 'pol': 1}, {'port': 21, 'row': 1, 'col': 1, 'pol': 1}, {'port': 22, 'row': 2, 'col': 1, 'pol': 1}, {'port': 23, 'row': 3, 'col': 1, 'pol': 1}, {'port': 24, 'row': 0, 'col': 2, 'pol': 1}, {'port': 25, 'row': 1, 'col': 2, 'pol': 1}, {'port': 26, 'row': 2, 'col': 2, 'pol': 1}, {'port': 27, 'row': 3, 'col': 2, 'pol': 1}, {'port': 28, 'row': 0, 'col': 3, 'pol': 1}, {'port': 29, 'row': 1, 'col': 3, 'pol': 1}, {'port': 30, 'row': 2, 'col': 3, 'pol': 1}, {'port': 31, 'row': 3, 'col': 3, 'pol': 1}], 'ue_port_table': [{'port': 0, 'row': 0, 'col': 0, 'pol': 0}, {'port': 1, 'row': 0, 'col': 1, 'pol': 0}, {'port': 2, 'row': 0, 'col': 0, 'pol': 1}, {'port': 3, 'row': 0, 'col': 1, 'pol': 1}], 'cdl_type': 'A', 'direction': 'downlink', 'delay_spread_ns': 30.0, 'ue_speed_kmh': 3.0, 'h_tf_shape': [1, 13, 1272, 4, 32], 'sionna_h_f_shape': [1, 1, 4, 1, 32, 13, 1272], 'phase2_channel': 'CDL-A 30ns sampled REs, ideal per-RE SVD H_eff=H V_svd/sqrt(rank)', 'bandwidth_mhz': 20.0, 'scs_khz': 15, 'n_prbs': 106, 'n_re_full_grid': 16536, 'n_re_sampled': 48, 'rank': 4, 'precoder': 'ideal_per_re_svd', 'receiver_csi': 'ideal_H_eff'}",CDL-A 30ns,kbest,256,sc_mimo_sic,106,48,24,2_ideal_csi,ideal_per_re_svd,4,ideal,hybrid_rml_mmse_after_sic,15,3.0,96,sc_mimo_sic,0.0,0.0,20.0,96.0,1
0.0,0.0,0,2,2,48.0,48,48.0,0.0,0.0,0,2,2,48.0,48,48.0,96.0,0.5,2.0,20.0,"nr_1cw_scheme1_rank4_layers_[0,1,2,3]","baseline_2cw_scheme4_rank4_layers_[0,1]_[2,3]","[96, 96, 96, 96]","{'sionna_port_order': {'spatial_order': 'column_first_col_then_row', 'polarization_order': 'pol1_all_spatial_then_pol2_all_spatial', 'simple_formula': 'port = pol*num_rows*num_cols + col*num_rows + row', 'pol1_cross': '-45deg', 'pol2_cross': '+45deg', 'pol1_vh': 'V', 'pol2_vh': 'H'}, 'bs_array': [4, 4, 2], 'ue_array': [1, 2, 2], 'bs_port_table': [{'port': 0, 'row': 0, 'col': 0, 'pol': 0}, {'port': 1, 'row': 1, 'col': 0, 'pol': 0}, {'port': 2, 'row': 2, 'col': 0, 'pol': 0}, {'port': 3, 'row': 3, 'col': 0, 'pol': 0}, {'port': 4, 'row': 0, 'col': 1, 'pol': 0}, {'port': 5, 'row': 1, 'col': 1, 'pol': 0}, {'port': 6, 'row': 2, 'col': 1, 'pol': 0}, {'port': 7, 'row': 3, 'col': 1, 'pol': 0}, {'port': 8, 'row': 0, 'col': 2, 'pol': 0}, {'port': 9, 'row': 1, 'col': 2, 'pol': 0}, {'port': 10, 'row': 2, 'col': 2, 'pol': 0}, {'port': 11, 'row': 3, 'col': 2, 'pol': 0}, {'port': 12, 'row': 0, 'col': 3, 'pol': 0}, {'port': 13, 'row': 1, 'col': 3, 'pol': 0}, {'port': 14, 'row': 2, 'col': 3, 'pol': 0}, {'port': 15, 'row': 3, 'col': 3, 'pol': 0}, {'port': 16, 'row': 0, 'col': 0, 'pol': 1}, {'port': 17, 'row': 1, 'col': 0, 'pol': 1}, {'port': 18, 'row': 2, 'col': 0, 'pol': 1}, {'port': 19, 'row': 3, 'col': 0, 'pol': 1}, {'port': 20, 'row': 0, 'col': 1, 'pol': 1}, {'port': 21, 'row': 1, 'col': 1, 'pol': 1}, {'port': 22, 'row': 2, 'col': 1, 'pol': 1}, {'port': 23, 'row': 3, 'col': 1, 'pol': 1}, {'port': 24, 'row': 0, 'col': 2, 'pol': 1}, {'port': 25, 'row': 1, 'col': 2, 'pol': 1}, {'port': 26, 'row': 2, 'col': 2, 'pol': 1}, {'port': 27, 'row': 3, 'col': 2, 'pol': 1}, {'port': 28, 'row': 0, 'col': 3, 'pol': 1}, {'port': 29, 'row': 1, 'col': 3, 'pol': 1}, {'port': 30, 'row': 2, 'col': 3, 'pol': 1}, {'port': 31, 'row': 3, 'col': 3, 'pol': 1}], 'ue_port_table': [{'port': 0, 'row': 0, 'col': 0, 'pol': 0}, {'port': 1, 'row': 0, 'col': 1, 'pol': 0}, {'port': 2, 'row': 0, 'col': 0, 'pol': 1}, {'port': 3, 'row': 0, 'col': 1, 'pol': 1}], 'cdl_type': 'A', 'direction': 'downlink', 'delay_spread_ns': 30.0, 'ue_speed_kmh': 3.0, 'h_tf_shape': [1, 13, 1272, 4, 32], 'sionna_h_f_shape': [1, 1, 4, 1, 32, 13, 1272], 'phase2_channel': 'CDL-A 30ns sampled REs, ideal per-RE SVD H_eff=H V_svd/sqrt(rank)', 'bandwidth_mhz': 20.0, 'scs_khz': 15, 'n_prbs': 106, 'n_re_full_grid': 16536, 'n_re_sampled': 48, 'rank': 4, 'precoder': 'ideal_per_re_svd', 'receiver_csi': 'ideal_H_eff'}",CDL-A 30ns,kbest,256,baseline_2cw_scheme4,106,48,24,2_ideal_csi,ideal_per_re_svd,4,ideal,hybrid_rml_mmse_after_sic,15,3.0,96,baseline_2cw,0.0,0.0,20.0,96.0,1
